supermarket,flyer_date,page_number,product_name,original_price,discounted_price,discount_percentage,details,confidence_score,extraction_timestamp
Lidl,2026-01-16,1,Broccoli,,0.89,,,0.89,2026-01-16T14:08:58.382887
Lidl,2026-01-16,1,Porchetta affettata,,1.59,,,0.92,2026-01-16T14:08:58.382969
Lidl,2026-01-16,1,Filetto di petto di pollo a fette,,4.99,,,0.89,2026-01-16T14:08:58.383036
Lidl,2026-01-16,1,Frollini fior di grano,,1.39,,,0.92,2026-01-16T14:08:58.383103
Lidl,2026-01-16,1,Chiocciole di pasta fillo,,2.99,,,0.89,2026-01-16T14:08:58.383167
Lidl,2026-01-16,1,Macchina da cucire,,119.00,,,0.79,2026-01-16T14:08:58.383238
Lidl,2026-01-16,2,Arance di Ribera DOP,,2.15,,,0.89,2026-01-16T14:08:58.383410
Lidl,2026-01-16,2,Cuori di carciofo,,1.99,,,0.89,2026-01-16T14:08:58.383497
Lidl,2026-01-16,2,Champignon,,1.49,,,0.89,2026-01-16T14:08:58.383565
Lidl,2026-01-16,2,Mele Golden Alto Adige/Trentino IGP,,1.49,,,0.85,2026-01-16T14:08:58.383627
Lidl,2026-01-16,2,Zucca Butternut,,0.89,,,0.85,2026-01-16T14:08:58.383687
Lidl,2026-01-16,2,Pomodoro Piccadilly,,1.19,,,0.89,2026-01-16T14:08:58.383745
Lidl,2026-01-16,3,Salsiccia Luganega arrotolata,,3.29,,,0.89,2026-01-16T14:08:58.383891
Lidl,2026-01-16,3,Salsicce di pollo e tacchino,,2.39,,,0.85,2026-01-16T14:08:58.383950
Lidl,2026-01-16,3,Pollo allevato all'aperto,,5.99,,,0.85,2026-01-16T14:08:58.384009
Lidl,2026-01-16,3,"Spiedini di pollo con suino ""Delight""",,3.99,,,0.82,2026-01-16T14:08:58.384069
Lidl,2026-01-16,3,Cotoletta croccante di pollo XXL,,3.49,,,0.82,2026-01-16T14:08:58.384128
Lidl,2026-01-16,3,Polpettine classiche,,2.79,,,0.85,2026-01-16T14:08:58.384185
Lidl,2026-01-16,3,Arrosto di suino,,4.49,,,0.89,2026-01-16T14:08:58.384242
Lidl,2026-01-16,3,Tranci di filetto baccalà salati,,5.49,,,0.89,2026-01-16T14:08:58.384326
Lidl,2026-01-16,3,2 filetti di limanda alla mugnaia,,2.49,,,0.92,2026-01-16T14:08:58.384387
Lidl,2026-01-16,3,Fettine di lonza di suino,,2.99,,,0.89,2026-01-16T14:08:58.384445
Lidl,2026-01-16,3,Hamburger bovino di razza chianina,,2.89,,,0.85,2026-01-16T14:08:58.384502
Lidl,2026-01-16,4,Petto di pollo al forno,,1.99,,,0.89,2026-01-16T14:08:58.384655
Lidl,2026-01-16,4,Salame ungherese affettato,,1.19,,,0.89,2026-01-16T14:08:58.384714
Lidl,2026-01-16,4,Aquiloni di petto di pollo con carciofi,,3.49,,,0.82,2026-01-16T14:08:58.384771
Lidl,2026-01-16,4,Anelli calamari Patagonia,,3.79,,,0.89,2026-01-16T14:08:58.384828
Lidl,2026-01-16,4,Cotto a cubetti,,1.29,,,0.92,2026-01-16T14:08:58.384884
Lidl,2026-01-16,4,Arista al forno,,1.69,,,0.92,2026-01-16T14:08:58.384943
Lidl,2026-01-16,4,Formaggio di latte vaccino,,1.39,,,0.89,2026-01-16T14:08:58.385001
Lidl,2026-01-16,4,Mix frutta a guscio,,1.69,,,0.92,2026-01-16T14:08:58.385057
Lidl,2026-01-16,4,Cuori di iceberg,,0.59,,,0.95,2026-01-16T14:08:58.385113
Lidl,2026-01-16,4,Mozzarella di bufala DOP,,2.19,,,0.89,2026-01-16T14:08:58.385176
Lidl,2026-01-16,4,Mascarpone con gorgonzola,,1.89,,,0.89,2026-01-16T14:08:58.385234
Lidl,2026-01-16,4,Latte senza lattosio parzialmente scremato UHT,,5.59,,,0.89,2026-01-16T14:08:58.385315
Lidl,2026-01-16,4,Formaggio fuso fettine,,1.19,,,0.92,2026-01-16T14:08:58.385379
Lidl,2026-01-16,5,Snack di mais,,0.75,,,0.95,2026-01-16T14:08:58.385536
Lidl,2026-01-16,5,Tonno pinne gialle,,2.39,,,0.95,2026-01-16T14:08:58.385598
Lidl,2026-01-16,5,Panetti croccanti,,1.19,,,0.92,2026-01-16T14:08:58.385660
Lidl,2026-01-16,5,Olio per friggere,,1.49,,,0.89,2026-01-16T14:08:58.385719
Lidl,2026-01-16,5,Succo e polpa di albicocca,,1.39,,,0.92,2026-01-16T14:08:58.385778
Lidl,2026-01-16,5,Miele italiano bio millefiori,,2.19,,,0.92,2026-01-16T14:08:58.385838
Lidl,2026-01-16,5,Piada sfogliata in olio extravergine IGP,,0.89,,,0.92,2026-01-16T14:08:58.385898
Lidl,2026-01-16,5,"Stelline, fusilli o ditalini",,0.45,,,0.89,2026-01-16T14:08:58.385966
Lidl,2026-01-16,5,Zuppa alla toscana,,1.69,,,0.89,2026-01-16T14:08:58.386027
Lidl,2026-01-16,5,Frizzante Rosè Veneto IGP,,1.59,,,0.92,2026-01-16T14:08:58.386893
Lidl,2026-01-16,5,Misto funghi con porcini,,1.79,,,0.92,2026-01-16T14:08:58.386966
Lidl,2026-01-16,5,Fagioli bianchi di Spagna,,0.45,,,0.92,2026-01-16T14:08:58.387036
Lidl,2026-01-16,5,Birra craft,,0.95,,,0.95,2026-01-16T14:08:58.387105
Lidl,2026-01-16,5,Pellicola,,0.89,,,0.89,2026-01-16T14:08:58.387173
Lidl,2026-01-16,5,Ricarica per bagnoschiuma,,1.69,,,0.95,2026-01-16T14:08:58.387243
Lidl,2026-01-16,5,Ammorbidente concentrato,,0.99,,,0.89,2026-01-16T14:08:58.387345
Lidl,2026-01-16,5,Donut al cioccolato,,1.50,,,0.89,2026-01-16T14:08:58.387413
Lidl,2026-01-16,5,12 frittelle con crema al cacao,,1.99,,,0.85,2026-01-16T14:08:58.387487
Lidl,2026-01-16,6,Trancio di salmone,,3.79,,,0.89,2026-01-16T14:08:58.387670
Lidl,2026-01-16,6,Ricottine,,0.89,,,0.89,2026-01-16T14:08:58.387752
Lidl,2026-01-16,6,Emmental Bavarese Grattugiato,,2.99,,,0.85,2026-01-16T14:08:58.387831
Lidl,2026-01-16,6,Edamer,,1.79,,,0.89,2026-01-16T14:08:58.387896
Lidl,2026-01-16,6,Latte intero italiano,,1.09,,,0.85,2026-01-16T14:08:58.387972
Lidl,2026-01-16,6,Pecorino Romani DOP,,3.59,,,0.85,2026-01-16T14:08:58.388043
Lidl,2026-01-16,6,Fontal 45%,,3.19,,,0.85,2026-01-16T14:08:58.388111
Lidl,2026-01-16,6,Cetriolini,,1.69,,,0.85,2026-01-16T14:08:58.388179
Lidl,2026-01-16,6,Riso Superfino Arborio,,2.79,,,0.82,2026-01-16T14:08:58.388246
Lidl,2026-01-16,6,"Spaghetti, conchiglie o mezze penne rigate",,0.55,,,0.85,2026-01-16T14:08:58.388348
Lidl,2026-01-16,6,Succo d'arancia fresco,,2.79,,,0.82,2026-01-16T14:08:58.388420
Lidl,2026-01-16,6,Cacao amaro in polvere,,3.49,,,0.89,2026-01-16T14:08:58.388486
Lidl,2026-01-16,6,Carta igienica 2 veli,,4.39,,,0.89,2026-01-16T14:08:58.388550
Lidl,2026-01-16,7,Gran Biraghi Grattugiato,,1.79,,,0.92,2026-01-16T14:08:58.388718
Lidl,2026-01-16,7,Delta Yogurt 0% grassi,,0.89,,,0.95,2026-01-16T14:08:58.388783
Lidl,2026-01-16,7,Galbanino,,2.29,,,0.92,2026-01-16T14:08:58.388846
Lidl,2026-01-16,7,Biscotti,,1.69,,,0.92,2026-01-16T14:08:58.388910
Lidl,2026-01-16,7,Dado,,2.19,,,0.92,2026-01-16T14:08:58.388975
Lidl,2026-01-16,7,Premium Le ghiottone,,6.39,,,0.95,2026-01-16T14:08:58.389040
Lidl,2026-01-16,7,Panna da cucina senza lattosio,,2.49,,,0.89,2026-01-16T14:08:58.389104
Lidl,2026-01-16,7,Wuberone,,1.15,,,0.92,2026-01-16T14:08:58.389168
Lidl,2026-01-16,7,2 Hours Clean breath,,1.49,,,0.92,2026-01-16T14:08:58.389232
Lidl,2026-01-16,7,Bagnoschiuma,,1.89,,,0.89,2026-01-16T14:08:58.389322
Lidl,2026-01-16,7,Specialist,,2.39,,,0.89,2026-01-16T14:08:58.389395
Lidl,2026-01-16,7,Dentifricio assortito,,1.69,,,0.92,2026-01-16T14:08:58.389464
Lidl,2026-01-16,7,Adesivo per protesi dentali,,5.89,,,0.89,2026-01-16T14:08:58.389531
Lidl,2026-01-16,8,Gran Pesto,,1.79,,,0.79,2026-01-16T14:08:58.389709
Lidl,2026-01-16,8,YoYo Merendina,,1.79,,,0.76,2026-01-16T14:08:58.389782
Lidl,2026-01-16,8,Semplicissimi Crackers,,1.69,,,0.82,2026-01-16T14:08:58.389854
Lidl,2026-01-16,8,Birra,,0.79,,,0.79,2026-01-16T14:08:58.389920
Lidl,2026-01-16,8,Patatine Classiche,,2.59,,,0.76,2026-01-16T14:08:58.389979
Lidl,2026-01-16,8,Baiocchi,,2.99,,,0.79,2026-01-16T14:08:58.390039
Lidl,2026-01-16,8,Bevanda,,1.39,,,0.79,2026-01-16T14:08:58.390096
Lidl,2026-01-16,8,Biscotti,,1.29,,,0.82,2026-01-16T14:08:58.390153
Lidl,2026-01-16,8,Pizza Ristorante,,1.99,,,0.79,2026-01-16T14:08:58.390209
Lidl,2026-01-16,8,Tortelloni con ricotta e spinaci,,1.99,,,0.76,2026-01-16T14:08:58.390301
Lidl,2026-01-16,9,Multivitamine e minerali,,30.00,,,0.79,2026-01-16T14:08:58.390457
Lidl,2026-01-16,9,Ammorbidente Blu Mare,,2.39,,,0.85,2026-01-16T14:08:58.390515
Lidl,2026-01-16,9,Bevande Zero,,0.49,,,0.82,2026-01-16T14:08:58.390572
Lidl,2026-01-16,9,Tisana con melatonina,,2.39,,,0.82,2026-01-16T14:08:58.390629
Lidl,2026-01-16,9,Snack per gatti,,2.49,,,0.85,2026-01-16T14:08:58.390686
Lidl,2026-01-16,9,Temptations,,1.59,,,0.82,2026-01-16T14:08:58.390743
Lidl,2026-01-16,9,Deo Roll-on,,2.29,,,0.82,2026-01-16T14:08:58.390799
Lidl,2026-01-16,9,Deodorante Cool Kick Spray,,2.29,,,0.82,2026-01-16T14:08:58.390853
Lidl,2026-01-16,9,Detersivo liquido salva colore,,8.99,,,0.82,2026-01-16T14:08:58.390908
Lidl,2026-01-16,10,Snack salati Bio,,0.99,,,0.82,2026-01-16T14:08:58.391051
Lidl,2026-01-16,10,Stick di lenticchie Bio,,1.19,,,0.82,2026-01-16T14:08:58.391107
Lidl,2026-01-16,10,Chips,,1.99,,,0.82,2026-01-16T14:08:58.391163
Lidl,2026-01-16,10,Cereali Bio,,1.79,,,0.82,2026-01-16T14:08:58.391226
Lidl,2026-01-16,10,Semi bio,,2.49,,,0.79,2026-01-16T14:08:58.391309
Lidl,2026-01-16,10,Semi di zucca bio sgusciati,,1.29,,,0.79,2026-01-16T14:08:58.391370
Lidl,2026-01-16,10,Gorgonzola DOP Bio,,1.99,,,0.79,2026-01-16T14:08:58.391427
Lidl,2026-01-16,10,Scamorza affumicata a fette Bio,,1.19,,,0.79,2026-01-16T14:08:58.391485
Lidl,2026-01-16,10,Pane integrale di segale bio,,1.49,,,0.79,2026-01-16T14:08:58.391542
Lidl,2026-01-16,10,Pesto Bio,,1.79,,,0.82,2026-01-16T14:08:58.391598
Lidl,2026-01-16,10,Fagioli Borlotti Bio,,0.99,,,0.79,2026-01-16T14:08:58.391655
Lidl,2026-01-16,10,"Curcuma, zenzero o alga spirulina macinata bio",,4.29,,,0.79,2026-01-16T14:08:58.391712
Lidl,2026-01-16,10,Zuppa contadina biologica,,1.49,,,0.92,2026-01-16T14:08:58.391768
Lidl,2026-01-16,11,Novebolle Spumante DOC Bio,,3.99,,,0.82,2026-01-16T14:08:58.391919
Lidl,2026-01-16,11,Anacardi Bio,,2.99,,,0.79,2026-01-16T14:08:58.391977
Lidl,2026-01-16,11,Mango bio,,3.99,,,0.79,2026-01-16T14:08:58.392034
Lidl,2026-01-16,11,Mele a fettine Bio,,1.99,,,0.79,2026-01-16T14:08:58.392091
Lidl,2026-01-16,11,Banane a fettine Bio,,1.69,,,0.79,2026-01-16T14:08:58.392147
Lidl,2026-01-16,11,Cocco Bio,,2.49,,,0.82,2026-01-16T14:08:58.392203
Lidl,2026-01-16,11,Olio vergine di cocco Bio,,4.99,,,0.76,2026-01-16T14:08:58.392258
Lidl,2026-01-16,11,Crema spalmabile alle nocciole bio,,2.99,,,0.76,2026-01-16T14:08:58.392343
Lidl,2026-01-16,11,Purea di mela e banana Bio,,1.79,,,0.76,2026-01-16T14:08:58.392407
Lidl,2026-01-16,11,Zucchero integrale di canna Bio,,1.99,,,0.76,2026-01-16T14:08:58.392468
Lidl,2026-01-16,11,Infuso al Finocchio BIO,,0.89,,,0.79,2026-01-16T14:08:58.392524
Lidl,2026-01-16,11,Burger vegetali,,1.69,,,0.92,2026-01-16T14:08:58.392580
Lidl,2026-01-16,11,Affettati vegetariani Bio,,1.89,,,0.82,2026-01-16T14:08:58.392635
Lidl,2026-01-16,11,Specialità vegana a base di ceci e curry,,2.49,,,0.85,2026-01-16T14:08:58.392691
Lidl,2026-01-16,11,Salsa vegana,,1.69,,,0.76,2026-01-16T14:08:58.392747
Lidl,2026-01-16,11,Tortilla vegana con ceci e cipolla,,2.79,,,0.76,2026-01-16T14:08:58.392804
Lidl,2026-01-16,11,Snack vegano al cocco e cioccolato,,1.99,,,0.79,2026-01-16T14:08:58.392860
Lidl,2026-01-16,12,Cordon Bleu,,2.99,,,0.79,2026-01-16T14:08:58.393009
Lidl,2026-01-16,12,Burger Classico,,3.49,,,0.82,2026-01-16T14:08:58.393068
Lidl,2026-01-16,12,Mozzarella bustone,,2.59,,,0.82,2026-01-16T14:08:58.393125
Lidl,2026-01-16,12,Würstel di tofu,,1.99,,,0.82,2026-01-16T14:08:58.393183
Lidl,2026-01-16,12,Tofu refrigerato,,1.99,,,0.82,2026-01-16T14:08:58.393238
Lidl,2026-01-16,12,Tofu affumicato,,2.29,,,0.82,2026-01-16T14:08:58.393320
Lidl,2026-01-16,12,Gnocchetti di patate senza glutine,,1.19,,,0.82,2026-01-16T14:08:58.393382
Lidl,2026-01-16,12,Baguette BIO senza glutine,,1.99,,,0.82,2026-01-16T14:08:58.393440
Lidl,2026-01-16,12,Salsa a base di soia senza glutine,,2.99,,,0.82,2026-01-16T14:08:58.393503
Lidl,2026-01-16,12,CondiSoia Maionese,,1.69,,,0.85,2026-01-16T14:08:58.393572
Lidl,2026-01-16,12,Naturalmente Margarina vegetale,,1.29,,,0.79,2026-01-16T14:08:58.393627
Lidl,2026-01-16,12,Bevanda all'avena Bio,,1.69,,,0.76,2026-01-16T14:08:58.393684
Lidl,2026-01-16,12,Tortelloni ricotta e spinaci o Tagliatelle,,1.99,,,0.85,2026-01-16T14:08:58.393746
Lidl,2026-01-16,12,Latte senza lattosio parzialmente scremato UHT,,5.59,,,0.85,2026-01-16T14:08:58.393807
Lidl,2026-01-16,12,High Protein Ricotta,,1.49,,,0.79,2026-01-16T14:08:58.393865
Lidl,2026-01-16,12,High Protein Yogurt,,0.99,,,0.82,2026-01-16T14:08:58.393924
Lidl,2026-01-16,12,Kefir bianco naturale,,1.29,,,0.82,2026-01-16T14:08:58.393982
Lidl,2026-01-16,13,Feta DOP,,4.49,,,0.82,2026-01-16T14:08:58.394126
Lidl,2026-01-16,13,Chiocciole,,3.99,,,0.79,2026-01-16T14:08:58.394183
Lidl,2026-01-16,13,Chiocciole,,3.99,,,0.79,2026-01-16T14:08:58.394238
Lidl,2026-01-16,13,Grissini,,1.99,,,0.79,2026-01-16T14:08:58.394316
Lidl,2026-01-16,13,Moussaka,,2.99,,,0.79,2026-01-16T14:08:58.394379
Lidl,2026-01-16,13,Kalamaki,,4.49,,,0.79,2026-01-16T14:08:58.394441
Lidl,2026-01-16,13,Formaggio,,2.59,,,0.79,2026-01-16T14:08:58.394502
Lidl,2026-01-16,13,Tzatziki,,1.79,,,0.79,2026-01-16T14:08:58.394573
Lidl,2026-01-16,13,Torta salata,,5.99,,,0.79,2026-01-16T14:08:58.394634
Lidl,2026-01-16,13,Cubetti di formaggio,,2.99,,,0.79,2026-01-16T14:08:58.394695
Lidl,2026-01-16,13,Specialità spalmabili,,1.99,,,0.79,2026-01-16T14:08:58.394755
Lidl,2026-01-16,13,Antipasti,,1.99,,,0.76,2026-01-16T14:08:58.394814
Lidl,2026-01-16,13,Pita - focacce,,2.79,,,0.79,2026-01-16T14:08:58.394873
Lidl,2026-01-16,14,Fagottini di pasta sfoglia,,3.49,,,0.79,2026-01-16T14:08:58.395032
Lidl,2026-01-16,14,Mini barrette di sesamo,,2.49,,,0.79,2026-01-16T14:08:58.395093
Lidl,2026-01-16,14,Chiocciole,,2.49,,,0.82,2026-01-16T14:08:58.395131
Lidl,2026-01-16,14,Peperoncini farciti,,2.49,,,0.82,2026-01-16T14:08:58.395165
Lidl,2026-01-16,14,Biscotti ripieni,,2.49,,,0.82,2026-01-16T14:08:58.395196
Lidl,2026-01-16,14,Bougatsa - Dolce tipico greco,,2.49,,,0.82,2026-01-16T14:08:58.395227
Lidl,2026-01-16,14,Dessert a base di yogurt stile greco,,1.99,,,0.79,2026-01-16T14:08:58.395276
Lidl,2026-01-16,14,Baklava,,3.99,,,0.82,2026-01-16T14:08:58.395327
Lidl,2026-01-16,14,Halva con pistacchi,,1.99,,,0.79,2026-01-16T14:08:58.395361
Lidl,2026-01-16,14,Halva - Dolce a base di semi di sesamo macinati,,1.79,,,0.82,2026-01-16T14:08:58.395394
Lidl,2026-01-16,14,Selezione di olive,,1.79,,,0.79,2026-01-16T14:08:58.395425
Lidl,2026-01-16,14,Mix di olive marinate,,3.49,,,0.82,2026-01-16T14:08:58.395456
Lidl,2026-01-16,14,Olive verdi denocciolate,,6.99,,,0.79,2026-01-16T14:08:58.395487
Lidl,2026-01-16,14,Olive Kalamon,,1.99,,,0.82,2026-01-16T14:08:58.395518
Lidl,2026-01-16,14,Salsa Tahini a base di sesamo,,2.99,,,0.82,2026-01-16T14:08:58.395556
Lidl,2026-01-16,14,Foglie di vite ripiene di riso,,1.99,,,0.79,2026-01-16T14:08:58.395590
Lidl,2026-01-16,14,Chiocciole di pasta fillo,,2.99,,,0.82,2026-01-16T14:08:58.395622
Lidl,2026-01-16,15,Elettroutensile multiuso,,19.99,,,0.79,2026-01-16T14:08:58.395713
Lidl,2026-01-16,15,Pistola elettrica per verniciatura a spruzzo,,19.99,,,0.79,2026-01-16T14:08:58.395745
Lidl,2026-01-16,15,Misuratore di distanza laser,,24.99,,,0.79,2026-01-16T14:08:58.395777
Lidl,2026-01-16,15,Accessori per elettroutensile multiuso,,9.99,,,0.79,2026-01-16T14:08:58.395808
Lidl,2026-01-16,15,Accessori per elettroutensile multiuso,,2.49,,,0.73,2026-01-16T14:08:58.395844
Lidl,2026-01-16,15,Set riparazione per pavimenti in laminato e parquet o per piastrelle,,6.99,,,0.79,2026-01-16T14:08:58.395877
Lidl,2026-01-16,15,Set seghe,,7.99,,,0.79,2026-01-16T14:08:58.395908
Lidl,2026-01-16,15,"Martello da fabbro, da carpentiere, maglio o mazzuola in gomma",,3.99,,,0.76,2026-01-16T14:08:58.395939
Lidl,2026-01-16,15,Utensili per carpenteria,,3.99,,,0.76,2026-01-16T14:08:58.395969
Lidl,2026-01-16,16,Cavalletto per carichi pesanti,,99.00,,,0.79,2026-01-16T14:08:58.396046
Lidl,2026-01-16,16,Aspirapolvere-liquidi,,69.00,,,0.79,2026-01-16T14:08:58.396109
Lidl,2026-01-16,16,"Set maschi e filiere, 40 pezzi",,49.00,,,0.79,2026-01-16T14:08:58.396199
Lidl,2026-01-16,16,"Set valigette portaminuteria, 3 pezzi",,12.99,,,0.76,2026-01-16T14:08:58.396304
Lidl,2026-01-16,16,"Scaffale in metallo con 5 ripiani, 180x120x40 cm",,39.99,,,0.79,2026-01-16T14:08:58.396385
Lidl,2026-01-16,16,"Scaffale in metallo con 5 ripiani, 180x90x40 cm",,29.99,,,0.79,2026-01-16T14:08:58.396458
Lidl,2026-01-16,16,"Set cacciaviti e bit, 37 pezzi",,9.99,,,0.76,2026-01-16T14:08:58.396525
Lidl,2026-01-16,16,"Set attrezzi di precisione, 66 pezzi",,9.99,,,0.76,2026-01-16T14:08:58.396590
Lidl,2026-01-16,16,Set meccanica di precisione,,3.99,,,0.76,2026-01-16T14:08:58.396648
Lidl,2026-01-16,17,Set chiavi a cricchetto,,9.99,,,0.79,2026-01-16T14:08:58.396774
Lidl,2026-01-16,17,Set pinze per idraulica o pinza poligrip,,11.99,,,0.79,2026-01-16T14:08:58.396824
Lidl,2026-01-16,17,Prodotto Multifunzione,,3.99,,,0.79,2026-01-16T14:08:58.396886
Lidl,2026-01-16,17,Nastro adesivo telato,,2.99,,,0.79,2026-01-16T14:08:58.396959
Lidl,2026-01-16,17,Chiave a bussola o a cricco multifunzione,,9.99,,,0.76,2026-01-16T14:08:58.397034
Lidl,2026-01-16,17,"Set ganci, set cunei o set leve",,4.99,,,0.76,2026-01-16T14:08:58.397108
Lidl,2026-01-16,17,Set punte per trapano o avvitatore,,4.99,,,0.79,2026-01-16T14:08:58.397177
Lidl,2026-01-16,17,Set moschettoni o grilli a vite,,2.99,,,0.76,2026-01-16T14:08:58.397243
Lidl,2026-01-16,17,Corda multiuso,,3.99,,,0.79,2026-01-16T14:08:58.397338
Lidl,2026-01-16,17,Set guarnizioni o O-Ring,,4.99,,,0.76,2026-01-16T14:08:58.397403
Lidl,2026-01-16,17,"Colla attaccatutto 7g, Power Repair Liquid 20g o adesivo istantaneo Liquid 4g",,1.49,,,0.79,2026-01-16T14:08:58.397476
Lidl,2026-01-16,18,Maglia a maniche lunghe da bambino,,3.99,,,0.79,2026-01-16T14:08:58.397642
Lidl,2026-01-16,18,"Giacca ""Lightweight"" da bambini",,9.99,,,0.79,2026-01-16T14:08:58.397705
Lidl,2026-01-16,18,Giacca invernale 3 in 1 da bambini,,19.99,,,0.79,2026-01-16T14:08:58.397769
Lidl,2026-01-16,18,Jeans da bambini,,6.99,,,0.79,2026-01-16T14:08:58.397834
Lidl,2026-01-16,18,Joggers in jeans da bambino,,5.99,,,0.79,2026-01-16T14:08:58.397897
Lidl,2026-01-16,18,[A] Felpa da bambino o [B] pantaloni sportivi da bambino,,4.99,,,0.79,2026-01-16T14:08:58.397961
Lidl,2026-01-16,18,Felpa da bambina,,4.99,,,0.79,2026-01-16T14:08:58.398024
Lidl,2026-01-16,18,Vestito con gonna in tulle da bambina,,6.99,,,0.76,2026-01-16T14:08:58.398091
Lidl,2026-01-16,18,Jeggings da bambina o gonna in tulle da bambina,,4.99,,,0.79,2026-01-16T14:08:58.398154
Lidl,2026-01-16,18,"Leggings da bambina, 2 pezzi",,4.99,,,0.79,2026-01-16T14:08:58.398217
Lidl,2026-01-16,19,Pigiama da bambini,,3.99,,,0.85,2026-01-16T14:08:58.398401
Lidl,2026-01-16,19,Decorazioni per party,,6.99,,,0.79,2026-01-16T14:08:58.398466
Lidl,2026-01-16,19,"Calze da bambini, 7 paia",,3.99,,,0.79,2026-01-16T14:08:58.398535
Lidl,2026-01-16,19,Set per diamond painting,,3.49,,,0.76,2026-01-16T14:08:58.398599
Lidl,2026-01-16,20,Mix di succulente,,3.49,,,0.79,2026-01-16T14:08:58.398770
Lidl,2026-01-16,20,Piante verdi,,11.99,,,0.76,2026-01-16T14:08:58.398832
Lidl,2026-01-16,20,Bulbi da fiore perenni,,1.49,,,0.76,2026-01-16T14:08:58.398895
Lidl,2026-01-16,20,Spathiphyllum,,2.49,,,0.76,2026-01-16T14:08:58.398957
Lidl,2026-01-16,20,Bulbi,,2.79,,,0.79,2026-01-16T14:08:58.399019
Lidl,2026-01-16,20,Piante verdi,,6.99,,,0.79,2026-01-16T14:08:58.399089
Lidl,2026-01-16,20,Phalaenopsis,,12.99,,,0.76,2026-01-16T14:08:58.399152
Lidl,2026-01-16,21,Macchina da cucire,,119.00,,,0.79,2026-01-16T14:08:58.399335
Lidl,2026-01-16,21,Macchina da cucire portatile,,9.99,,,0.76,2026-01-16T14:08:58.399398
Lidl,2026-01-16,21,Trolley per macchina da cucire o borsa porta accessori da cucito,,14.99,,,0.79,2026-01-16T14:08:58.399463
Lidl,2026-01-16,21,Aghi per macchina da cucire,,6.99,,,0.76,2026-01-16T14:08:58.399526
Lidl,2026-01-16,21,Articoli per cucito,,1.49,,,0.76,2026-01-16T14:08:58.399588
Lidl,2026-01-16,21,[A] Armadietto a colonna da bagno,,79.00,,,0.82,2026-01-16T14:08:58.399650
Lidl,2026-01-16,21,[B] Mobiletto da bagno con 4 cassetti,,69.00,,,0.82,2026-01-16T14:08:58.399713
Lidl,2026-01-16,21,[C] Mobiletto sottolavabo,,49.00,,,0.82,2026-01-16T14:08:58.399775
Lidl,2026-01-16,21,[D] Armadietto pensile con specchio,,49.00,,,0.82,2026-01-16T14:08:58.399837
Lidl,2026-01-16,21,[E] Mobiletto da bagno con anta,,49.00,,,0.82,2026-01-16T14:08:58.399897
Lidl,2026-01-16,22,Set doccia,,39.99,,,0.79,2026-01-16T14:08:58.400061
Lidl,2026-01-16,22,Doccetta con inserto per risparmio idrico,,3.99,,,0.76,2026-01-16T14:08:58.400124
Lidl,2026-01-16,22,Lampada LED per bagno,,9.99,,,0.79,2026-01-16T14:08:58.400195
Lidl,2026-01-16,22,Aspirapolvere ricaricabile,,89.00,,,0.79,2026-01-16T14:08:58.400273
Lidl,2026-01-16,22,Asse per WC con chiusura automatica,,12.99,,,0.82,2026-01-16T14:08:58.400347
Lidl,2026-01-16,22,Spazzolino da denti a batteria,,6.99,,,0.79,2026-01-16T14:08:58.400410
Lidl,2026-01-16,22,Idropulsore ricaricabile,,14.99,,,0.79,2026-01-16T14:08:58.400473
Lidl,2026-01-16,22,Testine di ricambio per spazzolino elettrico,,3.99,,,0.76,2026-01-16T14:08:58.400535
Lidl,2026-01-16,22,Asciugamano,,5.99,,,0.82,2026-01-16T14:08:58.400598
Lidl,2026-01-16,22,Set manicure-pedicure,,19.99,,,0.76,2026-01-16T14:08:58.400662
Lidl,2026-01-16,23,Massaggiatore plantare,,19.99,,,0.79,2026-01-16T14:08:58.400824
Lidl,2026-01-16,23,Fascia per ginocchio,,8.99,,,0.76,2026-01-16T14:08:58.400888
Lidl,2026-01-16,23,Scaldamani,,1.99,,,0.76,2026-01-16T14:08:58.400950
Lidl,2026-01-16,23,Tappetino per agopressione con cuscino,,14.99,,,0.76,2026-01-16T14:08:58.401018
Lidl,2026-01-16,23,Fascia elastica,,2.99,,,0.73,2026-01-16T14:08:58.401089
Lidl,2026-01-16,23,Cuscino gel per terapia caldo/freddo,,3.99,,,0.7,2026-01-16T14:08:58.401153
Lidl,2026-01-16,23,Cuscino per massaggi cervicali Shiatsu,,29.99,,,0.76,2026-01-16T14:08:58.401216
Lidl,2026-01-16,23,Bilancia pesapersone,,6.99,,,0.76,2026-01-16T14:08:58.401299
Lidl,2026-01-16,23,Bendaggi o garze sterili per medicazione,,1.99,,,0.7,2026-01-16T14:08:58.401368
Lidl,2026-01-16,23,Calzature da lavoro clogs in cuoio,,19.99,,,0.7,2026-01-16T14:08:58.401445
Lidl,2026-01-16,24,Misuratore di pressione da braccio,,19.99,,,0.79,2026-01-16T14:08:58.401618
Lidl,2026-01-16,24,"Servizio piatti, 18 pezzi",,39.99,,,0.79,2026-01-16T14:08:58.401693
Lidl,2026-01-16,24,Fascia elastica per schiena,,9.99,,,0.73,2026-01-16T14:08:58.401764
Lidl,2026-01-16,24,Scarponcini da uomo,,29.99,,,0.79,2026-01-16T14:08:58.401831
Lidl,2026-01-16,24,Correttore posturale,,5.99,,,0.73,2026-01-16T14:08:58.401897
Lidl,2026-01-16,24,Orologio LED da parete e da tavolo,,14.99,,,0.79,2026-01-16T14:08:58.401963
Lidl,2026-01-16,25,Hotel Pütia ***,,235.00,,,0.82,2026-01-16T14:08:58.402133
Lidl,2026-01-16,25,Hotel Rosskopf ****,,259.00,,,0.82,2026-01-16T14:08:58.402200
Lidl,2026-01-16,25,Transilvania e Delta del Danubio,,515.00,,,0.82,2026-01-16T14:08:58.402283
Lidl,2026-01-16,25,Sharm Reef Hotel ***,,655.00,,,0.82,2026-01-16T14:08:58.402351
Lidl,2026-01-16,25,Hotel Caminetto Mountain Resort ***S,,165.00,,,0.82,2026-01-16T14:08:58.402417
Lidl,2026-01-16,25,Berghotel Jochgrimm,,357.00,,,0.89,2026-01-16T14:08:58.402484
Lidl,2026-01-16,25,Hotel Adria ****,,239.00,,,0.89,2026-01-16T14:08:58.402549
Lidl,2026-01-16,25,Villaggio Marina Manna ***,,477.00,,,0.89,2026-01-16T14:08:58.402616
Lidl,2026-01-16,25,Hotel Terme Verdi ****,,265.00,,,0.82,2026-01-16T14:08:58.402681
Lidl,2026-01-16,25,Hotel Terme Apollo ***,,329.00,,,0.82,2026-01-16T14:08:58.402746
Lidl,2026-01-16,25,Villaggio Cala Fiorita ****,,575.00,,,0.82,2026-01-16T14:08:58.402812
Lidl,2026-01-16,26,Chicken Salad,,2.99,,,0.89,2026-01-16T14:08:58.402981
Lidl,2026-01-16,26,Bresaola punta d'anca,,2.15,,,0.89,2026-01-16T14:08:58.403049
Lidl,2026-01-16,26,Filetto di platessa,,4.89,,,0.92,2026-01-16T14:08:58.403113
Lidl,2026-01-16,26,Burrata,,1.65,,,0.89,2026-01-16T14:08:58.403178
Lidl,2026-01-16,26,Noci sgusciate,,2.19,,,0.89,2026-01-16T14:08:58.403258
Lidl,2026-01-16,26,Zero,,2.49,,,0.92,2026-01-16T14:08:58.403352
Lidl,2026-01-16,26,Patate Selenella,,1.99,,,0.89,2026-01-16T14:08:58.403423
Lidl,2026-01-16,26,Limoni,,1.69,,,0.85,2026-01-16T14:08:58.403489
Lidl,2026-01-16,26,Spinaci,,0.99,,,0.89,2026-01-16T14:08:58.403561
Lidl,2026-01-16,28,Chicken Salad,,2.99,,,0.89,2026-01-16T14:08:58.403831
Lidl,2026-01-16,28,Bresaola punta d'anca,,2.15,,,0.89,2026-01-16T14:08:58.403898
Lidl,2026-01-16,28,Filetto di platessa,,4.89,,,0.92,2026-01-16T14:08:58.403964
Lidl,2026-01-16,28,Burrata,,1.65,,,0.89,2026-01-16T14:08:58.404032
Lidl,2026-01-16,28,Noci sgusciate,,2.19,,,0.89,2026-01-16T14:08:58.404099
Lidl,2026-01-16,28,Zero,,2.49,,,0.92,2026-01-16T14:08:58.404165
Lidl,2026-01-16,28,Patate Selenella,,1.99,,,0.89,2026-01-16T14:08:58.404231
Lidl,2026-01-16,28,Limoni,,1.69,,,0.85,2026-01-16T14:08:58.404321
Lidl,2026-01-16,28,Spinaci,,0.99,,,0.89,2026-01-16T14:08:58.404388
Lidl,2026-01-16,30,Chicken Salad,,2.99,,,0.89,2026-01-16T14:08:58.404664
Lidl,2026-01-16,30,Bresaola punta d'anca,,2.15,,,0.89,2026-01-16T14:08:58.404731
Lidl,2026-01-16,30,Filetto di platessa,,4.89,,,0.92,2026-01-16T14:08:58.404798
Lidl,2026-01-16,30,Burrata,,1.65,,,0.89,2026-01-16T14:08:58.404863
Lidl,2026-01-16,30,Noci sgusciate,,2.19,,,0.89,2026-01-16T14:08:58.404930
Lidl,2026-01-16,30,Zero,,2.49,,,0.92,2026-01-16T14:08:58.404995
Lidl,2026-01-16,30,Patate Selenella,,1.99,,,0.89,2026-01-16T14:08:58.405067
Lidl,2026-01-16,30,Limoni,,1.69,,,0.85,2026-01-16T14:08:58.405133
Lidl,2026-01-16,30,Spinaci,,0.99,,,0.89,2026-01-16T14:08:58.405201
Lidl,2026-01-16,32,Chicken Salad,,2.99,,,0.89,2026-01-16T14:08:58.405507
Lidl,2026-01-16,32,Bresaola punta d'anca,,2.15,,,0.89,2026-01-16T14:08:58.405575
Lidl,2026-01-16,32,Filetto di platessa,,4.89,,,0.92,2026-01-16T14:08:58.405643
Lidl,2026-01-16,32,Burrata,,1.65,,,0.89,2026-01-16T14:08:58.405711
Lidl,2026-01-16,32,Noci sgusciate,,2.19,,,0.89,2026-01-16T14:08:58.405778
Lidl,2026-01-16,32,Zero,,2.49,,,0.92,2026-01-16T14:08:58.405845
Lidl,2026-01-16,32,Patate Selenella,,1.99,,,0.89,2026-01-16T14:08:58.405911
Lidl,2026-01-16,32,Limoni,,1.69,,,0.85,2026-01-16T14:08:58.405992
Lidl,2026-01-16,32,Spinaci,,0.99,,,0.89,2026-01-16T14:08:58.406069
Lidl,2026-01-16,34,Chicken Salad,,2.99,,,0.89,2026-01-16T14:08:58.406389
Lidl,2026-01-16,34,Bresaola punta d'anca,,2.15,,,0.89,2026-01-16T14:08:58.406457
Lidl,2026-01-16,34,Filetto di platessa,,4.89,,,0.92,2026-01-16T14:08:58.406526
Lidl,2026-01-16,34,Burrata,,1.65,,,0.89,2026-01-16T14:08:58.406593
Lidl,2026-01-16,34,Noci sgusciate,,2.19,,,0.89,2026-01-16T14:08:58.406667
Lidl,2026-01-16,34,Zero,,2.49,,,0.92,2026-01-16T14:08:58.406735
Lidl,2026-01-16,34,Patate Selenella,,1.99,,,0.89,2026-01-16T14:08:58.406802
Lidl,2026-01-16,34,Limoni,,1.69,,,0.85,2026-01-16T14:08:58.406874
Lidl,2026-01-16,34,Spinaci,,0.99,,,0.89,2026-01-16T14:08:58.406941
Lidl,2026-01-16,36,Chicken Salad,,2.99,,,0.89,2026-01-16T14:08:58.407216
Lidl,2026-01-16,36,Bresaola punta d'anca,,2.15,,,0.89,2026-01-16T14:08:58.407304
Lidl,2026-01-16,36,Filetto di platessa,,4.89,,,0.92,2026-01-16T14:08:58.407370
Lidl,2026-01-16,36,Burrata,,1.65,,,0.89,2026-01-16T14:08:58.407438
Lidl,2026-01-16,36,Noci sgusciate,,2.19,,,0.89,2026-01-16T14:08:58.407505
Lidl,2026-01-16,36,Zero,,2.49,,,0.92,2026-01-16T14:08:58.407571
Lidl,2026-01-16,36,Patate Selenella,,1.99,,,0.89,2026-01-16T14:08:58.407638
Lidl,2026-01-16,36,Limoni,,1.69,,,0.85,2026-01-16T14:08:58.407705
Lidl,2026-01-16,36,Spinaci,,0.99,,,0.89,2026-01-16T14:08:58.407770
Lidl,2026-01-16,38,Chicken Salad,,2.99,,,0.89,2026-01-16T14:08:58.408054
Lidl,2026-01-16,38,Bresaola punta d'anca,,2.15,,,0.89,2026-01-16T14:08:58.408122
Lidl,2026-01-16,38,Filetto di platessa,,4.89,,,0.92,2026-01-16T14:08:58.408189
Lidl,2026-01-16,38,Burrata,,1.65,,,0.89,2026-01-16T14:08:58.408258
Lidl,2026-01-16,38,Noci sgusciate,,2.19,,,0.89,2026-01-16T14:08:58.408346
Lidl,2026-01-16,38,Zero,,2.49,,,0.92,2026-01-16T14:08:58.408413
Lidl,2026-01-16,38,Patate Selenella,,1.99,,,0.89,2026-01-16T14:08:58.408480
Lidl,2026-01-16,38,Limoni,,1.69,,,0.85,2026-01-16T14:08:58.408548
Lidl,2026-01-16,38,Spinaci,,0.99,,,0.89,2026-01-16T14:08:58.408613
Lidl,2026-01-16,40,Chicken Salad,,2.99,,,0.89,2026-01-16T14:08:58.408896
Lidl,2026-01-16,40,Bresaola punta d'anca,,2.15,,,0.89,2026-01-16T14:08:58.408965
Lidl,2026-01-16,40,Filetto di platessa,,4.89,,,0.92,2026-01-16T14:08:58.409031
Lidl,2026-01-16,40,Burrata,,1.65,,,0.89,2026-01-16T14:08:58.409097
Lidl,2026-01-16,40,Noci sgusciate,,2.19,,,0.89,2026-01-16T14:08:58.409163
Lidl,2026-01-16,40,Zero,,2.49,,,0.92,2026-01-16T14:08:58.409228
Lidl,2026-01-16,40,Patate Selenella,,1.99,,,0.89,2026-01-16T14:08:58.409315
Lidl,2026-01-16,40,Limoni,,1.69,,,0.85,2026-01-16T14:08:58.409378
Lidl,2026-01-16,40,Spinaci,,0.99,,,0.89,2026-01-16T14:08:58.409459
Lidl,2026-01-16,42,Chicken Salad,,2.99,,,0.89,2026-01-16T14:08:58.409735
Lidl,2026-01-16,42,Bresaola punta d'anca,,2.15,,,0.89,2026-01-16T14:08:58.409803
Lidl,2026-01-16,42,Filetto di platessa,,4.89,,,0.92,2026-01-16T14:08:58.409871
Lidl,2026-01-16,42,Burrata,,1.65,,,0.89,2026-01-16T14:08:58.409937
Lidl,2026-01-16,42,Noci sgusciate,,2.19,,,0.89,2026-01-16T14:08:58.410004
Lidl,2026-01-16,42,Zero,,2.49,,,0.92,2026-01-16T14:08:58.410080
Lidl,2026-01-16,42,Patate Selenella,,1.99,,,0.89,2026-01-16T14:08:58.410147
Lidl,2026-01-16,42,Limoni,,1.69,,,0.85,2026-01-16T14:08:58.410226
Lidl,2026-01-16,42,Spinaci,,0.99,,,0.89,2026-01-16T14:08:58.410314
Lidl,2026-01-16,44,Chicken Salad,,2.99,,,0.89,2026-01-16T14:08:58.410601
Lidl,2026-01-16,44,Bresaola punta d'anca,,2.15,,,0.89,2026-01-16T14:08:58.410670
Lidl,2026-01-16,44,Filetto di platessa,,4.89,,,0.92,2026-01-16T14:08:58.410737
Lidl,2026-01-16,44,Burrata,,1.65,,,0.89,2026-01-16T14:08:58.410809
Lidl,2026-01-16,44,Noci sgusciate,,2.19,,,0.89,2026-01-16T14:08:58.410876
Lidl,2026-01-16,44,Zero,,2.49,,,0.92,2026-01-16T14:08:58.410945
Lidl,2026-01-16,44,Patate Selenella,,1.99,,,0.89,2026-01-16T14:08:58.411012
Lidl,2026-01-16,44,Limoni,,1.69,,,0.85,2026-01-16T14:08:58.411078
Lidl,2026-01-16,44,Spinaci,,0.99,,,0.89,2026-01-16T14:08:58.411145
Lidl,2026-01-16,46,Chicken Salad,,2.99,,,0.89,2026-01-16T14:08:58.411450
Lidl,2026-01-16,46,Bresaola punta d'anca,,2.15,,,0.89,2026-01-16T14:08:58.411517
Lidl,2026-01-16,46,Filetto di platessa,,4.89,,,0.92,2026-01-16T14:08:58.411583
Lidl,2026-01-16,46,Burrata,,1.65,,,0.89,2026-01-16T14:08:58.411713
Lidl,2026-01-16,46,Noci sgusciate,,2.19,,,0.89,2026-01-16T14:08:58.411788
Lidl,2026-01-16,46,Zero,,2.49,,,0.92,2026-01-16T14:08:58.411865
Lidl,2026-01-16,46,Patate Selenella,,1.99,,,0.89,2026-01-16T14:08:58.411938
Lidl,2026-01-16,46,Limoni,,1.69,,,0.85,2026-01-16T14:08:58.412004
Lidl,2026-01-16,46,Spinaci,,0.99,,,0.89,2026-01-16T14:08:58.412070
Lidl,2026-01-16,48,Chicken Salad,,2.99,,,0.89,2026-01-16T14:08:58.412364
Lidl,2026-01-16,48,Bresaola punta d'anca,,2.15,,,0.89,2026-01-16T14:08:58.412440
Lidl,2026-01-16,48,Filetto di platessa,,4.89,,,0.92,2026-01-16T14:08:58.412505
Lidl,2026-01-16,48,Burrata,,1.65,,,0.89,2026-01-16T14:08:58.412577
Lidl,2026-01-16,48,Noci sgusciate,,2.19,,,0.89,2026-01-16T14:08:58.412647
Lidl,2026-01-16,48,Zero,,2.49,,,0.92,2026-01-16T14:08:58.412713
Lidl,2026-01-16,48,Patate Selenella,,1.99,,,0.89,2026-01-16T14:08:58.412778
Lidl,2026-01-16,48,Limoni,,1.69,,,0.85,2026-01-16T14:08:58.412843
Lidl,2026-01-16,48,Spinaci,,0.99,,,0.89,2026-01-16T14:08:58.412907
Lidl,2026-01-16,50,Chicken Salad,,2.99,,,0.89,2026-01-16T14:08:58.413176
Lidl,2026-01-16,50,Bresaola punta d'anca,,2.15,,,0.89,2026-01-16T14:08:58.413242
Lidl,2026-01-16,50,Filetto di platessa,,4.89,,,0.92,2026-01-16T14:08:58.413336
Lidl,2026-01-16,50,Burrata,,1.65,,,0.89,2026-01-16T14:08:58.413403
Lidl,2026-01-16,50,Noci sgusciate,,2.19,,,0.89,2026-01-16T14:08:58.413470
Lidl,2026-01-16,50,Zero,,2.49,,,0.92,2026-01-16T14:08:58.413535
Lidl,2026-01-16,50,Patate Selenella,,1.99,,,0.89,2026-01-16T14:08:58.413600
Lidl,2026-01-16,50,Limoni,,1.69,,,0.85,2026-01-16T14:08:58.413666
Lidl,2026-01-16,50,Spinaci,,0.99,,,0.89,2026-01-16T14:08:58.413732
